model_name,original_name,pathogen,name,n_compounds,n_positives,n_added_negatives,n_added_decoys,auroc_mean,auroc_std,auprc_mean,auprc_std,baseline_auprc_mean,baseline_auprc_std,bedroc_mean,bedroc_std,baseline_bedroc_mean,baseline_bedroc_std,w1,w2,w3,w4,w5,w6,w_screen,final_weight,final_normalized_weight,decision_cutoff_rank,screening_auc,sensitivity_at_cutoff,portfolio,model_size_total_mb,oof_auc_cddd_mean,oof_auc_cddd_std,oof_auc_chemeleon_mean,oof_auc_chemeleon_std,oof_auc_clamp_mean,oof_auc_clamp_std,oof_auc_morgan_mean,oof_auc_morgan_std,oof_auc_rdkit_mean,oof_auc_rdkit_std
chembl_single_point_0,SP_0000,ecoli,SP_0000,2181,423,0,0,0.917,0.0144,0.788,0.0216,0.194,0.0012,0.8853,0.0195,0.198,0.0011,1.0,0.7234,0.5386,0.6212,0.2828,0.3077,0.506,0.5685,7.6534,0.65,0.8518,0.6028,LR;RF;SVC;XGB,10.074,,,0.9096,0.0038,0.8933,0.0065,0.9176,0.0067,,
chembl_single_point_1,SP_0001,ecoli,SP_0001,1935,374,0,0,0.9469,0.0161,0.8325,0.0444,0.1933,0.0012,0.9044,0.0318,0.1974,0.0011,1.0,0.8231,0.5799,0.6394,0.276,0.2913,0.6827,0.6132,8.2551,0.65,0.9048,0.6524,LR;RF;SVC;XGB,7.291,,,0.9364,0.0052,0.934,0.0012,0.946,0.0046,,
chembl_single_point_2,SP_0003,ecoli,SP_0003,1618,215,0,0,0.9371,0.0217,0.7716,0.0456,0.1329,0.0002,0.8432,0.0448,0.1429,0.0002,1.0,0.7905,0.6354,0.6807,0.2672,0.2062,0.6823,0.6089,8.1973,0.65,0.9047,0.6977,LR;RF;SVC;XGB,9.372,,,0.9327,0.0062,0.9171,0.0043,0.9293,0.0071,,
chembl_single_point_3,SP_0002,ecoli,SP_0002,1432,196,0,0,0.9181,0.0293,0.6625,0.0442,0.1369,0.0014,0.7471,0.0423,0.1463,0.0012,1.0,0.727,0.5178,0.5799,0.262,0.1825,0.3597,0.5184,6.9789,0.65,0.8079,0.5561,LR;RF;SVC;XGB,7.787,,,0.921,0.0044,0.9018,0.0095,0.9117,0.0104,,
chembl_single_point_4,SP_0004,ecoli,SP_0004,872,342,0,0,0.8693,0.0188,0.8177,0.0333,0.3922,0.0019,0.9361,0.0458,0.3924,0.0019,1.0,0.5642,0.4103,0.5244,0.2144,0.2807,0.2997,0.4705,6.3341,0.65,0.7899,0.4737,LR;RF;SVC;XGB,7.827,,,0.8547,0.0109,0.8441,0.005,0.8593,0.0065,,
chembl_single_point_5,SP_0005,ecoli,SP_0005,814,407,66,0,0.9216,0.0216,0.9286,0.0182,0.5,0.0031,0.9927,0.0096,0.5,0.0031,0.8378,0.7388,0.4763,0.5475,0.1983,0.3023,0.5593,0.5229,7.0395,0.65,0.8678,0.6093,LR;RF;SVC;XGB,6.709,,,0.9111,0.0064,0.9138,0.0068,0.9154,0.0101,0.8957,
chembl_dose_response_0,DR_0000,ecoli,DR_0000,23876,4633,0,0,0.9661,0.0037,0.9012,0.0108,0.194,0.0001,0.9538,0.0075,0.1981,0.0001,1.0,0.8869,0.6412,0.6831,0.5771,0.7018,0.9067,0.771,10.3795,0.65,0.972,0.8839,RF;XGB,23.467,,,0.963,0.0006,0.9586,0.0014,,,0.9616,0.0001
chembl_dose_response_1,DR_0001,ecoli,DR_0001,11542,2510,0,0,0.9687,0.0046,0.9135,0.0078,0.2175,0.0001,0.9636,0.0052,0.2203,0.0,1.0,0.8956,0.6225,0.6641,0.5086,0.5839,0.9013,0.7394,9.9541,0.65,0.9704,0.9072,RF;XGB,24.688,,,0.9637,0.0014,0.9583,0.0011,0.9644,0.0008,0.9648,0.0009
chembl_dose_response_2,DR_0002,ecoli,DR_0002,7935,1552,0,0,0.9523,0.0034,0.8406,0.0056,0.1956,0.0004,0.9092,0.0083,0.1995,0.0003,1.0,0.841,0.5842,0.6408,0.4426,0.5307,0.926,0.7093,9.5489,0.65,0.9778,0.9066,RF;XGB,20.724,,,0.9486,0.0018,0.9408,0.0019,0.9502,0.0009,,
chembl_dose_response_3,DR_0003,ecoli,DR_0003,2074,1037,322,0,0.947,0.0117,0.951,0.0119,0.5,0.0012,0.99,0.0098,0.5,0.0012,0.6895,0.8235,0.5011,0.5445,0.2798,0.5021,0.779,0.5885,7.9226,0.65,0.9337,0.7232,LR;RF;SVC;XGB,9.772,,,0.9447,0.002,0.934,0.0051,0.9377,0.0051,,
chembl_dose_response_4,DR_0004,ecoli,DR_0004,1618,578,0,0,0.8458,0.0423,0.7731,0.0675,0.3572,0.0011,0.9046,0.061,0.3575,0.0011,1.0,0.4859,0.3882,0.5108,0.2672,0.3593,0.4473,0.4941,6.6518,0.65,0.8342,0.4585,LR;RF;SVC;XGB,7.682,,,0.8208,0.0192,,,0.8346,0.0171,0.8322,0.025
pubchem_aid1053175,1053175,ecoli,1053175,327955,698,0,0,0.9634,0.0215,0.5141,0.031,0.0021,0.0,0.8621,0.0331,0.0511,0.0,1.0,0.8779,0.7566,0.9273,1.0,0.3993,0.8027,0.8234,11.0849,0.65,0.9408,0.6977,RF;XGB,141.738,,,0.9447,0.0044,0.9649,0.0037,0.941,0.0043,,
